sub_id,redcap_event_name,redcap_repeat_instrument,redcap_repeat_instance,sub_age,age,sub_gender,gender_at_birth
1001,subject_informatio_arm_1,,,,,,
1001,mock_scan_question_arm_1,,,,,,
1001,fmri_session_quest_arm_1,,,,,,
1001,follow_up_appointm_arm_1,,,,,,
1001,follow_up_appointm_arm_1b,,,,,,
2002,subject_informatio_arm_1,,,22.37,,Female,
2002,mock_scan_question_arm_1,,,,,,
2002,fmri_session_quest_arm_1,,,,,,
3003,subject_informatio_arm_1,,,20.44,,M,
3003,mock_scan_question_arm_1,,,,,,
3003,fmri_session_quest_arm_1,,,,,,
10103_BE,subject_informatio_arm_1,,,24.58,,Female,
10103_BE,mock_scan_question_arm_1,,,,24,,
10103_BE,fmri_session_quest_arm_1,,,,,,
10160_BE,subject_informatio_arm_1,,,24.63,,Male,
10160_BE,mock_scan_question_arm_1,,,,24,,
10160_BE,fmri_session_quest_arm_1,,,,,,
10196_BE,subject_informatio_arm_1,,,,,Male,
10196_BE,mock_scan_question_arm_1,,,,,,
10196_BE,fmri_session_quest_arm_1,,,,,,
10280_BE,subject_informatio_arm_1,,,21.03,,Male,
10280_BE,mock_scan_question_arm_1,,,,,,
10280_BE,fmri_session_quest_arm_1,,,,,,
10310_BE,subject_informatio_arm_1,,,74.01,,Male,
10310_BE,mock_scan_question_arm_1,,,,72,,
10310_BE,fmri_session_quest_arm_1,,,,,,
10317,subject_informatio_arm_1,,,62.96,,Female,
10317,mock_scan_question_arm_1,,,,62,,
10317,fmri_session_quest_arm_1,,,,,,
10326_BE,subject_informatio_arm_1,,,45.29,,Male,
10326_BE,mock_scan_question_arm_1,,,,,,
10337_BE,subject_informatio_arm_1,,,,,Female,
10337_BE,mock_scan_question_arm_1,,,,26,,
10337_BE,fmri_session_quest_arm_1,,,,,,
10348,subject_informatio_arm_1,,,30.16,,Non-Binary,Female
10348,mock_scan_question_arm_1,,,,30,,
10358_BE,subject_informatio_arm_1,,,30.93,,Non-Binary,
10367_BE,subject_informatio_arm_1,,,43.05,,Female,
10367_BE,mock_scan_question_arm_1,,,,,,
10369,subject_informatio_arm_1,,,31.95,,Male,
10369,mock_scan_question_arm_1,,,,31,,
10369,fmri_session_quest_arm_1,,,,,,
10369,follow_up_appointm_arm_1,,,,,,
10374,subject_informatio_arm_1,,,23.75,,Female,
10374,mock_scan_question_arm_1,,,,23,,
10374,fmri_session_quest_arm_1,,,,,,
10377,subject_informatio_arm_1,,,57.28,,Female,
10377,mock_scan_question_arm_1,,,,58,,
10377,fmri_session_quest_arm_1,,,,,,
10391,subject_informatio_arm_1,,,44.21,,Female,
10391,mock_scan_question_arm_1,,,,44,,
10391,fmri_session_quest_arm_1,,,,,,
10402,subject_informatio_arm_1,,,35.94,,Male,
10402,mock_scan_question_arm_1,,,,36,,
10402,fmri_session_quest_arm_1,,,,,,
10418,subject_informatio_arm_1,,,68.64,,Female,
10418,mock_scan_question_arm_1,,,,68,,
10418,fmri_session_quest_arm_1,,,,,,
10418,follow_up_appointm_arm_1,,,,,,
10418,follow_up_appointm_arm_1b,,,,,,
10418_2,fmri_session_quest_arm_1,,,,,,
10436_BE,subject_informatio_arm_1,,,,,Male,
10436_BE,mock_scan_question_arm_1,,,,,,
10436_BE,fmri_session_quest_arm_1,,,,,,
10460,subject_informatio_arm_1,,,63.26,,Male,
10460,mock_scan_question_arm_1,,,,63,,
10460,fmri_session_quest_arm_1,,,,,,
10462,subject_informatio_arm_1,,,62.04,,Male,
10462,mock_scan_question_arm_1,,,,,,
10462,fmri_session_quest_arm_1,,,,,,
10462,follow_up_appointm_arm_1,,,,,,
10462,follow_up_appointm_arm_1b,,,,,,
10470,subject_informatio_arm_1,,,44.79,,Female,
10470,mock_scan_question_arm_1,,,,,,
10478,subject_informatio_arm_1,,,27.9,,Female,
10478,mock_scan_question_arm_1,,,,27,,
10478,fmri_session_quest_arm_1,,,,,,
10478,follow_up_appointm_arm_1,,,,,,
10479,subject_informatio_arm_1,,,30.82,,Male,Male
10479,mock_scan_question_arm_1,,,,30,,
10479,fmri_session_quest_arm_1,,,,,,
10486,subject_informatio_arm_1,,,41.91,,Female,
10486,mock_scan_question_arm_1,,,,41,,
10486,fmri_session_quest_arm_1,,,,,,
10496,subject_informatio_arm_1,,,35.02,,Female,
10496,mock_scan_question_arm_1,,,,35,,
10496,fmri_session_quest_arm_1,,,,,,
10512,subject_informatio_arm_1,,,62.85,,Female,
10512,mock_scan_question_arm_1,,,,62,,
10512,fmri_session_quest_arm_1,,,,,,
10529,subject_informatio_arm_1,,,67.8,,Male,
10529,mock_scan_question_arm_1,,,,67,,
10529,fmri_session_quest_arm_1,,,,,,
10531,subject_informatio_arm_1,,,36.94,,female,
10531,mock_scan_question_arm_1,,,,37,,
10531,fmri_session_quest_arm_1,,,,,,
10541,subject_informatio_arm_1,,,69.16,,Male,
10541,mock_scan_question_arm_1,,,,69,,
10541,fmri_session_quest_arm_1,,,,,,
10541,follow_up_appointm_arm_1,,,,,,
10541,follow_up_appointm_arm_1b,,,,,,
10555,subject_informatio_arm_1,,,28.86,,Female,
10555,mock_scan_question_arm_1,,,,28,,
10555,fmri_session_quest_arm_1,,,,,,
10555,follow_up_appointm_arm_1,,,,,,
10555,follow_up_appointm_arm_1b,,,,,,
10559,subject_informatio_arm_1,,,28.31,,Male,
10559,mock_scan_question_arm_1,,,,28,,
10559,fmri_session_quest_arm_1,,,,,,
10570,subject_informatio_arm_1,,,48.47,,Female,
10570,mock_scan_question_arm_1,,,,48,,
10570,fmri_session_quest_arm_1,,,,,,
10572,subject_informatio_arm_1,,,70.46,,Female,
10572,mock_scan_question_arm_1,,,,70,,
10572,fmri_session_quest_arm_1,,,,,,
10581,subject_informatio_arm_1,,,48.03,,Male,
10581,mock_scan_question_arm_1,,,,48,,
10581,fmri_session_quest_arm_1,,,,,,
10582,subject_informatio_arm_1,,,55.97,,Male,
10582,mock_scan_question_arm_1,,,,56,,
10582,fmri_session_quest_arm_1,,,,,,
10584,subject_informatio_arm_1,,,49.64,,Female,
10584,mock_scan_question_arm_1,,,,49,,
10584,fmri_session_quest_arm_1,,,,,,
10584,follow_up_appointm_arm_1b,,,,,,
10585,subject_informatio_arm_1,,,63.33,,Female,
10585,mock_scan_question_arm_1,,,,63,,
10585,fmri_session_quest_arm_1,,,,,,
10589,subject_informatio_arm_1,,,34.87,,Male,
10589,mock_scan_question_arm_1,,,,34,,
10589,fmri_session_quest_arm_1,,,,,,
10590,subject_informatio_arm_1,,,56.4,,Female,
10590,mock_scan_question_arm_1,,,,56,,
10590,fmri_session_quest_arm_1,,,,,,
10590,follow_up_appointm_arm_1,,,,,,
10590,follow_up_appointm_arm_1b,,,,,,
10595,subject_informatio_arm_1,,,44.55,,Male,
10595,mock_scan_question_arm_1,,,,44,,
10596,subject_informatio_arm_1,,,27.27,,Female,
10596,mock_scan_question_arm_1,,,,27,,
10596,fmri_session_quest_arm_1,,,,,,
10596,follow_up_appointm_arm_1,,,,,,
10603,subject_informatio_arm_1,,,69.22,,Female,
10603,mock_scan_question_arm_1,,,,69,,
10603,fmri_session_quest_arm_1,,,,,,
10603,follow_up_appointm_arm_1b,,,,,,
10606,subject_informatio_arm_1,,,22.4,,Female,
10606,mock_scan_question_arm_1,,,,22,,
10606,fmri_session_quest_arm_1,,,,,,
10606,follow_up_appointm_arm_1,,,,,,
10608,subject_informatio_arm_1,,,29.07,,Female,
10608,mock_scan_question_arm_1,,,,29,,
10608,fmri_session_quest_arm_1,,,,,,
10608,follow_up_appointm_arm_1,,,,,,
10612,subject_informatio_arm_1,,,60.6,,Male,Male
10612,mock_scan_question_arm_1,,,,61,,
10617,subject_informatio_arm_1,,,73.4,,Female,
10617,mock_scan_question_arm_1,,,,73,,
10617,fmri_session_quest_arm_1,,,,,,
10617,follow_up_appointm_arm_1,,,,,,
10617,follow_up_appointm_arm_1b,,,,,,
10632,subject_informatio_arm_1,,,25.76,,Female,
10632,mock_scan_question_arm_1,,,,,,
10636,subject_informatio_arm_1,,,26.81,,Female,
10636,mock_scan_question_arm_1,,,,26,,
10636,fmri_session_quest_arm_1,,,,,,
10638,subject_informatio_arm_1,,,71.83,,Female,
10638,mock_scan_question_arm_1,,,,71,,
10638,fmri_session_quest_arm_1,,,,,,
10638,follow_up_appointm_arm_1,,,,,,
10638,follow_up_appointm_arm_1b,,,,,,
10640,subject_informatio_arm_1,,,31.73,,Female,Female
10640,mock_scan_question_arm_1,,,,31,,
10640,fmri_session_quest_arm_1,,,,,,
10640,follow_up_appointm_arm_1,,,,,,
10641,subject_informatio_arm_1,,,44.68,,Female,
10641,mock_scan_question_arm_1,,,,44,,
10641,fmri_session_quest_arm_1,,,,,,
10642,subject_informatio_arm_1,,,31.9,,Female,
10642,mock_scan_question_arm_1,,,,31,,
10642,fmri_session_quest_arm_1,,,,,,
10644,subject_informatio_arm_1,,,69.41,,Female,
10644,mock_scan_question_arm_1,,,,69,,
10644,fmri_session_quest_arm_1,,,,,,
10644,follow_up_appointm_arm_1b,,,,,,
10647,subject_informatio_arm_1,,,24.59,,Female,
10647,mock_scan_question_arm_1,,,,24,,
10647,fmri_session_quest_arm_1,,,,,,
10649,subject_informatio_arm_1,,,63.8,,Female,
10649,mock_scan_question_arm_1,,,,63,,
10649,fmri_session_quest_arm_1,,,,,,
10649,follow_up_appointm_arm_1,,,,,,
10649,follow_up_appointm_arm_1b,,,,,,
10651,subject_informatio_arm_1,,,,,,
10652,subject_informatio_arm_1,,,70.05,,Female,
10652,mock_scan_question_arm_1,,,,70,,
10652,fmri_session_quest_arm_1,,,,,,
10652,follow_up_appointm_arm_1b,,,,,,
10656,subject_informatio_arm_1,,,21.43,,Male,
10656,mock_scan_question_arm_1,,,,21,,
10656,fmri_session_quest_arm_1,,,,,,
10657,subject_informatio_arm_1,,,58.98,,Male,
10657,mock_scan_question_arm_1,,,,58,,
10657,fmri_session_quest_arm_1,,,,,,
10657,follow_up_appointm_arm_1b,,,,,,
10659,subject_informatio_arm_1,,,62.39,,Female,
10659,mock_scan_question_arm_1,,,,62,,
10659,fmri_session_quest_arm_1,,,,,,
10661,subject_informatio_arm_1,,,50.64,,Male,
10661,mock_scan_question_arm_1,,,,50,,
10661,fmri_session_quest_arm_1,,,,,,
10662,subject_informatio_arm_1,,,34.87,,Female,
10662,mock_scan_question_arm_1,,,,,,
10663,subject_informatio_arm_1,,,22.07,,Female,
10663,mock_scan_question_arm_1,,,,22,,
10663,fmri_session_quest_arm_1,,,,,,
10665,subject_informatio_arm_1,,,36.34,,Male,
10668,subject_informatio_arm_1,,,37.37,,Female,
10668,mock_scan_question_arm_1,,,,37,,
10668,fmri_session_quest_arm_1,,,,,,
10671,subject_informatio_arm_1,,,66.14,,Male,
10671,mock_scan_question_arm_1,,,,66,,
10671,fmri_session_quest_arm_1,,,,,,
10672,subject_informatio_arm_1,,,24.12,,Female,Female
10673,subject_informatio_arm_1,,,48.6,,Female,
10673,mock_scan_question_arm_1,,,,48,,
10673,fmri_session_quest_arm_1,,,,,,
10673,follow_up_appointm_arm_1b,,,,,,
10674,subject_informatio_arm_1,,,33.2,,Male,
10674,mock_scan_question_arm_1,,,,33,,
10674,fmri_session_quest_arm_1,,,,,,
10677,subject_informatio_arm_1,,,33.37,,Female,
10677,mock_scan_question_arm_1,,,,33,,
10677,fmri_session_quest_arm_1,,,,,,
10685,subject_informatio_arm_1,,,34.43,,Male,
10685,mock_scan_question_arm_1,,,,34,,
10685,fmri_session_quest_arm_1,,,,,,
10685,follow_up_appointm_arm_1b,,,,,,
10690,subject_informatio_arm_1,,,56.16,,Female,
10690,mock_scan_question_arm_1,,,,55,,
10690,fmri_session_quest_arm_1,,,,,,
10690,follow_up_appointm_arm_1,,,,,,
10690,follow_up_appointm_arm_1b,,,,,,
10690_kbit,follow_up_appointm_arm_1,,,,,,
10691,subject_informatio_arm_1,,,58.27,,Female,
10691,mock_scan_question_arm_1,,,,58,,
10691,fmri_session_quest_arm_1,,,,,,
10691,follow_up_appointm_arm_1,,,,,,
10691,follow_up_appointm_arm_1b,,,,,,
10694,subject_informatio_arm_1,,,52.29,,Female,
10696,subject_informatio_arm_1,,,37.57,,Male,
10696,mock_scan_question_arm_1,,,,37,,
10696,fmri_session_quest_arm_1,,,,,,
10700,subject_informatio_arm_1,,,23.61,,Female,
10700,mock_scan_question_arm_1,,,,23,,
10700,fmri_session_quest_arm_1,,,,,,
10701,subject_informatio_arm_1,,,27.02,,Male,
10701,mock_scan_question_arm_1,,,,27,,
10701,fmri_session_quest_arm_1,,,,,,
10713,subject_informatio_arm_1,,,71.53,,Female,
10713,mock_scan_question_arm_1,,,,71,,
10713,fmri_session_quest_arm_1,,,,,,
10713,follow_up_appointm_arm_1,,,,,,
10713,follow_up_appointm_arm_1b,,,,,,
10716,subject_informatio_arm_1,,,69.13,,Male,
10716,mock_scan_question_arm_1,,,,69,,
10716,fmri_session_quest_arm_1,,,,,,
10716,follow_up_appointm_arm_1,,,,,,
10716,follow_up_appointm_arm_1b,,,,,,
10718,subject_informatio_arm_1,,,28.3,,Non-Binary,Female
10718,mock_scan_question_arm_1,,,,28,,
10718,fmri_session_quest_arm_1,,,,,,
10719,subject_informatio_arm_1,,,26.14,,Non-Binary,
10719,mock_scan_question_arm_1,,,,,,
10720,subject_informatio_arm_1,,,33.44,,Female,
10720,mock_scan_question_arm_1,,,,33,,
10720,fmri_session_quest_arm_1,,,,,,
10723,subject_informatio_arm_1,,,21.7,,Male,
10723,mock_scan_question_arm_1,,,,21,,
10723,fmri_session_quest_arm_1,,,,,,
10731,subject_informatio_arm_1,,,,,,
10737,subject_informatio_arm_1,,,69.5,,Male,
10737,mock_scan_question_arm_1,,,,69,,
10741,subject_informatio_arm_1,,,36.93,,Female,
10741,mock_scan_question_arm_1,,,,37,,
10741,fmri_session_quest_arm_1,,,,,,
10741,follow_up_appointm_arm_1b,,,,,,
10748,subject_informatio_arm_1,,,33.3,,Female,Female
10748,mock_scan_question_arm_1,,,,33,,
10748,fmri_session_quest_arm_1,,,,,,
10767,subject_informatio_arm_1,,,25.51,,Female,
10767,mock_scan_question_arm_1,,,,25,,
10767,fmri_session_quest_arm_1,,,,,,
10770,subject_informatio_arm_1,,,64.52,,Male,Male
10770,mock_scan_question_arm_1,,,,64,,
10770,fmri_session_quest_arm_1,,,,,,
10770,follow_up_appointm_arm_1b,,,,,,
10771,subject_informatio_arm_1,,,39,,Female,
10773,subject_informatio_arm_1,,,31.03,,Female,
10773,mock_scan_question_arm_1,,,,31,,
10773,fmri_session_quest_arm_1,,,,,,
10774,subject_informatio_arm_1,,,46.3,,Female,
10774,mock_scan_question_arm_1,,,,46,,
10774,fmri_session_quest_arm_1,,,,,,
10777,subject_informatio_arm_1,,,38.36,,Male,
10777,mock_scan_question_arm_1,,,,38,,
10777,fmri_session_quest_arm_1,,,,,,
10781,subject_informatio_arm_1,,,37.53,,Male,
10781,mock_scan_question_arm_1,,,,37,,
10781,fmri_session_quest_arm_1,,,,,,
10783,subject_informatio_arm_1,,,51.18,,Female,
10783,mock_scan_question_arm_1,,,,51,,
10783,fmri_session_quest_arm_1,,,,,,
10785,subject_informatio_arm_1,,,61.23,,Female,
10785,mock_scan_question_arm_1,,,,61,,
10785,fmri_session_quest_arm_1,,,,,,
10785,follow_up_appointm_arm_1b,,,,,,
10787,subject_informatio_arm_1,,,45.01,,Female,
10794,subject_informatio_arm_1,,,39.69,,Male,
10794,mock_scan_question_arm_1,,,,39,,
10794,fmri_session_quest_arm_1,,,,,,
10800,subject_informatio_arm_1,,,26.85,,Female,
10800,mock_scan_question_arm_1,,,,26,,
10800,fmri_session_quest_arm_1,,,,,,
10801,subject_informatio_arm_1,,,34.53,,Female,Female
10801,mock_scan_question_arm_1,,,,34,,
10801,fmri_session_quest_arm_1,,,,,,
10802,subject_informatio_arm_1,,,42.69,,Female,
10802,mock_scan_question_arm_1,,,,42,,
10802,fmri_session_quest_arm_1,,,,,,
10803,subject_informatio_arm_1,,,21.66,,Female,
10803,mock_scan_question_arm_1,,,,21,,
10803,fmri_session_quest_arm_1,,,,,,
10803,follow_up_appointm_arm_1b,,,,,,
10804,subject_informatio_arm_1,,,25.5,,Female,
10804,mock_scan_question_arm_1,,,,25,,
10804,fmri_session_quest_arm_1,,,,,,
10806,subject_informatio_arm_1,,,26.99,,Male,
10806,mock_scan_question_arm_1,,,,26,,
10806,fmri_session_quest_arm_1,,,,,,
10807,subject_informatio_arm_1,,,58.05,,Male,Male
10807,mock_scan_question_arm_1,,,,58,,
10807,fmri_session_quest_arm_1,,,,,,
10807,follow_up_appointm_arm_1,,,,,,
10807,follow_up_appointm_arm_1b,,,,,,
10808,subject_informatio_arm_1,,,45.15,,Female,
10808,mock_scan_question_arm_1,,,,45,,
10808,fmri_session_quest_arm_1,,,,,,
10809,subject_informatio_arm_1,,,68.77,,Male,Male
10809,mock_scan_question_arm_1,,,,68,,
10809,fmri_session_quest_arm_1,,,,,,
10809,follow_up_appointm_arm_1,,,,,,
10809,follow_up_appointm_arm_1b,,,,,,
10810,subject_informatio_arm_1,,,70.66,,Male,Male
10810,mock_scan_question_arm_1,,,,68,,
10810,fmri_session_quest_arm_1,,,,,,
10810,follow_up_appointm_arm_1,,,,,,
10810,follow_up_appointm_arm_1b,,,,,,
10812,subject_informatio_arm_1,,,62.91,,Male,
10812,mock_scan_question_arm_1,,,,62,,
10812,fmri_session_quest_arm_1,,,,,,
10812,follow_up_appointm_arm_1b,,,,,,
10817,subject_informatio_arm_1,,,27.59,,Female,Female
10817,mock_scan_question_arm_1,,,,27,,
10817,fmri_session_quest_arm_1,,,,,,
10824,subject_informatio_arm_1,,,61.1,,Female,Female
10824,mock_scan_question_arm_1,,,,,,
10827,subject_informatio_arm_1,,,23.3,,Non-Binary,Female
10827,mock_scan_question_arm_1,,,,23,,
10827,fmri_session_quest_arm_1,,,,,,
10831,subject_informatio_arm_1,,,25.38,,Female,Female
10831,mock_scan_question_arm_1,,,,25,,
10831,fmri_session_quest_arm_1,,,,,,
10831,follow_up_appointm_arm_1b,,,,,,
10832,subject_informatio_arm_1,,,30.6,,Female,Female
10832,mock_scan_question_arm_1,,,,30,,
10834,subject_informatio_arm_1,,,40.29,,Male,Male
10834,mock_scan_question_arm_1,,,,40,,
10834,fmri_session_quest_arm_1,,,,,,
10834,follow_up_appointm_arm_1b,,,,,,
10836,subject_informatio_arm_1,,,36.98,,Female,Female
10836,mock_scan_question_arm_1,,,,36,,
10836,fmri_session_quest_arm_1,,,,,,
10838,subject_informatio_arm_1,,,23.87,,Male,Male
10838,mock_scan_question_arm_1,,,,23,,
10838,fmri_session_quest_arm_1,,,,,,
10843,subject_informatio_arm_1,,,27.04,,Male,Male
10843,mock_scan_question_arm_1,,,,27,,
10843,fmri_session_quest_arm_1,,,,,,
10847,subject_informatio_arm_1,,,57.4,,Female,Female
10847,mock_scan_question_arm_1,,,,,,
10849,subject_informatio_arm_1,,,34.83,,Female,Female
10849,mock_scan_question_arm_1,,,,34,,
10849,fmri_session_quest_arm_1,,,,,,
10850,subject_informatio_arm_1,,,32.67,,Non-Binary,Male
10850,mock_scan_question_arm_1,,,,32,,
10850,fmri_session_quest_arm_1,,,,,,
10854,subject_informatio_arm_1,,,46.09,,Female,Female
10854,mock_scan_question_arm_1,,,,46,,
10854,fmri_session_quest_arm_1,,,,,,
10857,subject_informatio_arm_1,,,22.29,,Male,Male
10857,mock_scan_question_arm_1,,,,22,,
10857,fmri_session_quest_arm_1,,,,,,
10858,subject_informatio_arm_1,,,80.18,,Male,Male
10858,mock_scan_question_arm_1,,,,80,,
10858,fmri_session_quest_arm_1,,,,,,
10860,subject_informatio_arm_1,,,34.36,,Male,Male
10860,mock_scan_question_arm_1,,,,33,,
10860,fmri_session_quest_arm_1,,,,,,
10860,follow_up_appointm_arm_1b,,,,,,
10861,subject_informatio_arm_1,,,77.68,,Male,Male
10862,subject_informatio_arm_1,,,60.68,,Male,Male
10862,mock_scan_question_arm_1,,,,60,,
10862,fmri_session_quest_arm_1,,,,,,
10862,follow_up_appointm_arm_1,,,,,,
10862,follow_up_appointm_arm_1b,,,,,,
10863,subject_informatio_arm_1,,,42.6,,Male,Male
10863,mock_scan_question_arm_1,,,,42,,
10863,fmri_session_quest_arm_1,,,,,,
10864,subject_informatio_arm_1,,,37.49,,Male,Male
10864,mock_scan_question_arm_1,,,,21,,
10866,subject_informatio_arm_1,,,72.24,,Male,Male
10866,mock_scan_question_arm_1,,,,72,,
10866,fmri_session_quest_arm_1,,,,,,
10866,follow_up_appointm_arm_1,,,,,,
10866,follow_up_appointm_arm_1b,,,,,,
10867,subject_informatio_arm_1,,,58.96,,Male,Male
10867,mock_scan_question_arm_1,,,,,,
10871,subject_informatio_arm_1,,,33.96,,Male,Male
10871,mock_scan_question_arm_1,,,,34,,
10874,subject_informatio_arm_1,,,58.14,,Male,Male
10874,mock_scan_question_arm_1,,,,,,
10875,subject_informatio_arm_1,,,32.7,,Male,Male
10875,mock_scan_question_arm_1,,,,32,,
10875,fmri_session_quest_arm_1,,,,,,
10877,subject_informatio_arm_1,,,38.55,,Male,Male
10878,subject_informatio_arm_1,,,65.72,,Female,Female
10878,mock_scan_question_arm_1,,,,,,
10881,subject_informatio_arm_1,,,62.91,,Female,Female
10881,mock_scan_question_arm_1,,,,62,,
10881,fmri_session_quest_arm_1,,,,,,
10883,subject_informatio_arm_1,,,42.95,,Male,Male
10883,mock_scan_question_arm_1,,,,42,,
10885,subject_informatio_arm_1,,,73.37,,Male,Male
10885,mock_scan_question_arm_1,,,,73,,
10886,subject_informatio_arm_1,,,55.48,,Male,Male
10886,mock_scan_question_arm_1,,,,55,,
10886,fmri_session_quest_arm_1,,,,,,
10887,subject_informatio_arm_1,,,35.58,,Female,Female
10887,mock_scan_question_arm_1,,,,35,,
10887,fmri_session_quest_arm_1,,,,,,
10896,subject_informatio_arm_1,,,28.4,,Female,Female
10896,mock_scan_question_arm_1,,,,28,,
10896,fmri_session_quest_arm_1,,,,,,
10897,subject_informatio_arm_1,,,31.04,,Female,Female
10897,mock_scan_question_arm_1,,,,30,,
10897,fmri_session_quest_arm_1,,,,,,
10898,subject_informatio_arm_1,,,61.88,,Female,Female
10898,mock_scan_question_arm_1,,,,61,,
10898,fmri_session_quest_arm_1,,,,,,
10898,follow_up_appointm_arm_1,,,,,,
10898,follow_up_appointm_arm_1b,,,,,,
10908,subject_informatio_arm_1,,,42.64,,Female,Female
10908,mock_scan_question_arm_1,,,,42,,
10908,fmri_session_quest_arm_1,,,,,,
10912,subject_informatio_arm_1,,,43.08,,Female,Female
10912,mock_scan_question_arm_1,,,,43,,
10913,subject_informatio_arm_1,,,67.46,,Female,Female
10913,mock_scan_question_arm_1,,,,67,,
10913,fmri_session_quest_arm_1,,,,,,
10918,subject_informatio_arm_1,,,24.64,,Non-Binary,Female
10918,mock_scan_question_arm_1,,,,24,,
10918,fmri_session_quest_arm_1,,,,,,
10919,subject_informatio_arm_1,,,49.28,,Female,Female
10919,mock_scan_question_arm_1,,,,49,,
10919,fmri_session_quest_arm_1,,,,,,
10924,subject_informatio_arm_1,,,32.18,,Female,Female
10924,mock_scan_question_arm_1,,,,32,,
10924,fmri_session_quest_arm_1,,,,,,
10926,subject_informatio_arm_1,,,35.89,,Female,Female
10926,mock_scan_question_arm_1,,,,35,,
10926,fmri_session_quest_arm_1,,,,,,
10928,subject_informatio_arm_1,,,55.16,,Female,Female
10928,mock_scan_question_arm_1,,,,55,,
10928,fmri_session_quest_arm_1,,,,,,
10928,follow_up_appointm_arm_1b,,,,,,
10929,subject_informatio_arm_1,,,42.75,,Female,Female
10929,mock_scan_question_arm_1,,,,42,,
10929,fmri_session_quest_arm_1,,,,,,
10930,subject_informatio_arm_1,,,49.24,,Female,Female
10930,mock_scan_question_arm_1,,,,49,,
10930,fmri_session_quest_arm_1,,,,,,
10938,subject_informatio_arm_1,,,58.82,,Female,Female
10938,mock_scan_question_arm_1,,,,58,,
10938,fmri_session_quest_arm_1,,,,,,
10940,subject_informatio_arm_1,,,22.52,,Male,Male
10940,mock_scan_question_arm_1,,,,22,,
10940,fmri_session_quest_arm_1,,,,,,
10944,subject_informatio_arm_1,,,26.31,,Female,Female
10944,mock_scan_question_arm_1,,,,26,,
10948,subject_informatio_arm_1,,,26.53,,Female,Female
10950,subject_informatio_arm_1,,,24.22,,Female,Female
10950,mock_scan_question_arm_1,,,,24,,
10950,fmri_session_quest_arm_1,,,,,,
10951,subject_informatio_arm_1,,,21.46,,Male,Male
10951,mock_scan_question_arm_1,,,,21,,
10951,fmri_session_quest_arm_1,,,,,,
10952,subject_informatio_arm_1,,,32.65,,Male,Male
10952,mock_scan_question_arm_1,,,,32,,
10952,fmri_session_quest_arm_1,,,,,,
10953,subject_informatio_arm_1,,,62.87,,Female,Female
10953,mock_scan_question_arm_1,,,,62,,
10953,fmri_session_quest_arm_1,,,,,,
10954,subject_informatio_arm_1,,,46.69,,Female,Female
10954,mock_scan_question_arm_1,,,,46,,
10954,fmri_session_quest_arm_1,,,,,,
10956,subject_informatio_arm_1,,,28.58,,Female,Female
10956,mock_scan_question_arm_1,,,,28,,
10956,fmri_session_quest_arm_1,,,,,,
10958,subject_informatio_arm_1,,,34.44,,Female,Female
10958,mock_scan_question_arm_1,,,,34,,
10958,fmri_session_quest_arm_1,,,,,,
10961,subject_informatio_arm_1,,,23.5,,Female,Female
10961,mock_scan_question_arm_1,,,,23,,
10961,fmri_session_quest_arm_1,,,,,,
10964,subject_informatio_arm_1,,,60.37,,Female,Female
10964,mock_scan_question_arm_1,,,,60,,
10964,fmri_session_quest_arm_1,,,,,,
10966,subject_informatio_arm_1,,,34.83,,Female,Female
10966,mock_scan_question_arm_1,,,,34,,
10966,fmri_session_quest_arm_1,,,,,,
10969,subject_informatio_arm_1,,,26.86,,Female,Female
10969,mock_scan_question_arm_1,,,,26,,
10969,fmri_session_quest_arm_1,,,,,,
10970,subject_informatio_arm_1,,,38.13,,Female,Female
10970,mock_scan_question_arm_1,,,,38,,
10974,subject_informatio_arm_1,,,80.23,,Female,Female
10974,mock_scan_question_arm_1,,,,80,,
10974,fmri_session_quest_arm_1,,,,,,
10977,subject_informatio_arm_1,,,41.71,,Female,Female
10977,mock_scan_question_arm_1,,,,41,,
10977,fmri_session_quest_arm_1,,,,,,
10977,follow_up_appointm_arm_1b,,,,,,
10979,subject_informatio_arm_1,,,32.3,,Female,Female
10979,mock_scan_question_arm_1,,,,32,,
10979,fmri_session_quest_arm_1,,,,,,
10983,subject_informatio_arm_1,,,24.76,,Female,Female
10983,mock_scan_question_arm_1,,,,24,,
10983,fmri_session_quest_arm_1,,,,,,
10984,subject_informatio_arm_1,,,52.31,,Male,Male
10984,mock_scan_question_arm_1,,,,52,,
10984,fmri_session_quest_arm_1,,,,,,
10985,subject_informatio_arm_1,,,29.96,,Female,Female
10985,mock_scan_question_arm_1,,,,29,,
10987,subject_informatio_arm_1,,,48.67,,Female,Female
10987,mock_scan_question_arm_1,,,,48,,
10998,subject_informatio_arm_1,,,21.34,,Female,Female
10998,mock_scan_question_arm_1,,,,21,,
10998,fmri_session_quest_arm_1,,,,,,
11000,subject_informatio_arm_1,,,37.22,,Female,Female
11005,subject_informatio_arm_1,,,36.3,,Female,Female
11005,mock_scan_question_arm_1,,,,36,,
11005,fmri_session_quest_arm_1,,,,,,
11007,subject_informatio_arm_1,,,46.06,,Female,Female
11007,mock_scan_question_arm_1,,,,45,,
11007,fmri_session_quest_arm_1,,,,,,
11010,subject_informatio_arm_1,,,41.35,,Female,Female
11010,mock_scan_question_arm_1,,,,,,
11012,subject_informatio_arm_1,,,58.4,,Female,Female
11012,mock_scan_question_arm_1,,,,58,,
11012,fmri_session_quest_arm_1,,,,,,
11016,subject_informatio_arm_1,,,22.79,,Female,Female
11016,mock_scan_question_arm_1,,,,22,,
11016,fmri_session_quest_arm_1,,,,,,
11020,subject_informatio_arm_1,,,53.21,,Male,Male
11020,mock_scan_question_arm_1,,,,53,,
11021,subject_informatio_arm_1,,,25.86,,Female,Female
11021,mock_scan_question_arm_1,,,,25,,
11021,fmri_session_quest_arm_1,,,,,,
11025,subject_informatio_arm_1,,,,,Female,Female
11025,mock_scan_question_arm_1,,,,28,,
11030,subject_informatio_arm_1,,,23.59,,Female,Female
11030,mock_scan_question_arm_1,,,,24,,
11030,fmri_session_quest_arm_1,,,,,,
11031,subject_informatio_arm_1,,,23.19,,Female,Female
11031,mock_scan_question_arm_1,,,,23,,
11031,fmri_session_quest_arm_1,,,,,,
11033,subject_informatio_arm_1,,,,,Female,Female
11036,subject_informatio_arm_1,,,22.59,,Female,Female
11036,mock_scan_question_arm_1,,,,22,,
11036,fmri_session_quest_arm_1,,,,,,
11039,subject_informatio_arm_1,,,40.69,,Female,Female
11039,mock_scan_question_arm_1,,,,41,,
11039,fmri_session_quest_arm_1,,,,,,
11042,subject_informatio_arm_1,,,29.42,,Female,Female
11042,mock_scan_question_arm_1,,,,29,,
11042,fmri_session_quest_arm_1,,,,,,
11053,subject_informatio_arm_1,,,30.78,,Female,Female
11053,mock_scan_question_arm_1,,,,30,,
11053,fmri_session_quest_arm_1,,,,,,
11058,subject_informatio_arm_1,,,37.99,,Female,Female
11058,mock_scan_question_arm_1,,,,38,,
11058,fmri_session_quest_arm_1,,,,,,
11060,subject_informatio_arm_1,,,30.24,,Female,Female
11060,mock_scan_question_arm_1,,,,29,,
11060,fmri_session_quest_arm_1,,,,,,
11063,subject_informatio_arm_1,,,21.31,,Female,Female
11063,mock_scan_question_arm_1,,,,21,,
11063,fmri_session_quest_arm_1,,,,,,
11064,subject_informatio_arm_1,,,22.24,,Female,Female
11064,mock_scan_question_arm_1,,,,22,,
11064,fmri_session_quest_arm_1,,,,,,
11064,follow_up_appointm_arm_1b,,,,,,
11065,subject_informatio_arm_1,,,21.39,,Female,Female
11065,mock_scan_question_arm_1,,,,21,,
11065,fmri_session_quest_arm_1,,,,,,
11066,subject_informatio_arm_1,,,22.23,,Male,Male
11066,mock_scan_question_arm_1,,,,22,,
11066,fmri_session_quest_arm_1,,,,,,
11068,subject_informatio_arm_1,,,43.51,,Female,Female
11068,mock_scan_question_arm_1,,,,43,,
11068,fmri_session_quest_arm_1,,,,,,
11071,subject_informatio_arm_1,,,62.41,,Male,Male
11071,mock_scan_question_arm_1,,,,62,,
11071,fmri_session_quest_arm_1,,,,,,
11072,subject_informatio_arm_1,,,25.33,,Male,Male
11072,mock_scan_question_arm_1,,,,25,,
11072,fmri_session_quest_arm_1,,,,,,
11074,subject_informatio_arm_1,,,41.37,,Male,Male
11074,mock_scan_question_arm_1,,,,41,,
11074,fmri_session_quest_arm_1,,,,,,
11074,follow_up_appointm_arm_1b,,,,,,
11075,subject_informatio_arm_1,,,77.28,,Male,Male
11075,mock_scan_question_arm_1,,,,,,
11075,fmri_session_quest_arm_1,,,,,,
11076,subject_informatio_arm_1,,,73.73,,Female,Female
11076,mock_scan_question_arm_1,,,,73,,
11076,fmri_session_quest_arm_1,,,,,,
11077,subject_informatio_arm_1,,,71.19,,Female,Female
11077,mock_scan_question_arm_1,,,,71,,
11078,subject_informatio_arm_1,,,72.63,,Female,Female
11078,mock_scan_question_arm_1,,,,72,,
11078,fmri_session_quest_arm_1,,,,,,
11079,subject_informatio_arm_1,,,71.71,,Female,Female
11082,subject_informatio_arm_1,,,39.07,,Male,Male
11083,subject_informatio_arm_1,,,68.46,,Female,Female
11083,mock_scan_question_arm_1,,,,,,
11083,fmri_session_quest_arm_1,,,,,,
11084,subject_informatio_arm_1,,,68.29,,Female,Female
11084,mock_scan_question_arm_1,,,,68,,
11084,fmri_session_quest_arm_1,,,,,,
11085,subject_informatio_arm_1,,,77.15,,Female,Female
11085,mock_scan_question_arm_1,,,,,,
11085,fmri_session_quest_arm_1,,,,,,
11090,subject_informatio_arm_1,,,69.69,,Male,
11090,mock_scan_question_arm_1,,,,69,,
11090,fmri_session_quest_arm_1,,,,,,
11110,subject_informatio_arm_1,,,66.84,,Female,Female
11110,mock_scan_question_arm_1,,,,,,
11110,fmri_session_quest_arm_1,,,,,,
11110,follow_up_appointm_arm_1b,,,,,,
11112,subject_informatio_arm_1,,,34.28,,Male,Male
11113,subject_informatio_arm_1,,,21.12,,Male,Male
11113,mock_scan_question_arm_1,,,,21,,
11113,fmri_session_quest_arm_1,,,,,,
11116,subject_informatio_arm_1,,,59.2,,Male,Male
11116,mock_scan_question_arm_1,,,,59,,
11116,fmri_session_quest_arm_1,,,,,,
11120,subject_informatio_arm_1,,,66.16,,Male,Male
11120,mock_scan_question_arm_1,,,,66,,
11120,fmri_session_quest_arm_1,,,,,,
11125,subject_informatio_arm_1,,,59.17,,Female,Female
11125,mock_scan_question_arm_1,,,,59,,
11125,fmri_session_quest_arm_1,,,,,,
11126,subject_informatio_arm_1,,,58.47,,Male,Male
11126,mock_scan_question_arm_1,,,,58,,
11126,fmri_session_quest_arm_1,,,,,,
11128,subject_informatio_arm_1,,,59.84,,Male,Male
11128,mock_scan_question_arm_1,,,,,,
11128,fmri_session_quest_arm_1,,,,,,
11134,subject_informatio_arm_1,,,58.59,,Female,Female
11134,mock_scan_question_arm_1,,,,58,,
11134,fmri_session_quest_arm_1,,,,,,
11139,subject_informatio_arm_1,,,21.25,,Female,Female
11139,mock_scan_question_arm_1,,,,20,,
11139,fmri_session_quest_arm_1,,,,,,
11142,subject_informatio_arm_1,,,20.51,,Female,Female
11142,mock_scan_question_arm_1,,,,20,,
11144,subject_informatio_arm_1,,,71.59,,Female,Female
11144,mock_scan_question_arm_1,,,,71,,
11145,subject_informatio_arm_1,,,64.41,,Male,Male
11145,mock_scan_question_arm_1,,,,,,
11145,fmri_session_quest_arm_1,,,,,,
11145,follow_up_appointm_arm_1b,,,,,,
11146,subject_informatio_arm_1,,,83.76,,Female,Female
11146,mock_scan_question_arm_1,,,,,,
11146,fmri_session_quest_arm_1,,,,,,
11164,subject_informatio_arm_1,,,84.19,,Male,
11164,mock_scan_question_arm_1,,,,84,,
11164,fmri_session_quest_arm_1,,,,,,
11167,subject_informatio_arm_1,,,57.41,,Female,Female
11167,mock_scan_question_arm_1,,,,57,,
11167,fmri_session_quest_arm_1,,,,,,
11168,subject_informatio_arm_1,,,27.93,,Female,Female
11168,mock_scan_question_arm_1,,,,27,,
11168,fmri_session_quest_arm_1,,,,,,
11170,subject_informatio_arm_1,,,23.2,,Female,Female
11171,subject_informatio_arm_1,,,25.7,,Male,Male
11171,mock_scan_question_arm_1,,,,25,,
11171,fmri_session_quest_arm_1,,,,,,
11177,subject_informatio_arm_1,,,55.48,,Male,Male
11177,mock_scan_question_arm_1,,,,55,,
11177,fmri_session_quest_arm_1,,,,,,
11192,subject_informatio_arm_1,,,69.46,,Male,Male
11192,mock_scan_question_arm_1,,,,69,,
11192,fmri_session_quest_arm_1,,,,,,
11193,subject_informatio_arm_1,,,55.81,,Female,Female
11193,mock_scan_question_arm_1,,,,55,,
11193,fmri_session_quest_arm_1,,,,,,
11201,subject_informatio_arm_1,,,67.78,,Female,Female
11201,mock_scan_question_arm_1,,,,67,,
11201,fmri_session_quest_arm_1,,,,,,
11203,subject_informatio_arm_1,,,61.73,,Female,Female
11203,mock_scan_question_arm_1,,,,61,,
11203,fmri_session_quest_arm_1,,,,,,
11204,subject_informatio_arm_1,,,,,,
11206,subject_informatio_arm_1,,,60.25,,,
11206,mock_scan_question_arm_1,,,,60,,
11207,subject_informatio_arm_1,,,67.22,,Female,Female
11207,mock_scan_question_arm_1,,,,66,,
11207,fmri_session_quest_arm_1,,,,,,
11209,subject_informatio_arm_1,,,69.47,,Female,Female
11209,mock_scan_question_arm_1,,,,69,,
11209,fmri_session_quest_arm_1,,,,,,
11213,subject_informatio_arm_1,,,62.57,,,
11213,mock_scan_question_arm_1,,,,62,,
11213,fmri_session_quest_arm_1,,,,,,
11217,subject_informatio_arm_1,,,64,,Male,Male
11217,mock_scan_question_arm_1,,,,64,,
11217,fmri_session_quest_arm_1,,,,,,
11227,subject_informatio_arm_1,,,30.76,,Female,Female
11227,mock_scan_question_arm_1,,,,30,,
11227,fmri_session_quest_arm_1,,,,,,
11228,subject_informatio_arm_1,,,60.47,,Male,Male
11228,mock_scan_question_arm_1,,,,60,,
11237,subject_informatio_arm_1,,,34.19,,Male,Male
11238,subject_informatio_arm_1,,,45.31,,Male,Male
11238,mock_scan_question_arm_1,,,,45,,
11238,fmri_session_quest_arm_1,,,,,,
11241,subject_informatio_arm_1,,,26.11,,Female,Female
11241,mock_scan_question_arm_1,,,,26,,
11241,fmri_session_quest_arm_1,,,,,,
11245,subject_informatio_arm_1,,,52.28,,Male,Male
11246,subject_informatio_arm_1,,,39.68,,Male,Male
11246,mock_scan_question_arm_1,,,,39,,
11246,fmri_session_quest_arm_1,,,,,,
11251,subject_informatio_arm_1,,,27.46,,Non-Binary,Female
11251,mock_scan_question_arm_1,,,,27,,
11276,subject_informatio_arm_1,,,53.49,,Male,Male
11276,mock_scan_question_arm_1,,,,53,,
11276,fmri_session_quest_arm_1,,,,,,
11286,subject_informatio_arm_1,,,23.44,,Female,Female
11286,mock_scan_question_arm_1,,,,23,,
11286,fmri_session_quest_arm_1,,,,,,
11293,subject_informatio_arm_1,,,21.67,,Female,Female
11293,mock_scan_question_arm_1,,,,21,,
11293,fmri_session_quest_arm_1,,,,,,
11301,subject_informatio_arm_1,,,22.39,,Female,Female
11301,mock_scan_question_arm_1,,,,22,,
11301,fmri_session_quest_arm_1,,,,,,
11304,subject_informatio_arm_1,,,,,Female,Female
11304,mock_scan_question_arm_1,,,,52,,
11304,fmri_session_quest_arm_1,,,,,,
11311,subject_informatio_arm_1,,,21.81,,Female,Female
11311,mock_scan_question_arm_1,,,,21,,
11311,fmri_session_quest_arm_1,,,,,,
11312,subject_informatio_arm_1,,,22.49,,Non-Binary,Female
11312,mock_scan_question_arm_1,,,,22,,
11312,fmri_session_quest_arm_1,,,,,,
11313,subject_informatio_arm_1,,,46.62,,Female,Female
11313,mock_scan_question_arm_1,,,,46,,
11316,subject_informatio_arm_1,,,41.41,,Male,Male
11316,mock_scan_question_arm_1,,,,41,,
11316,fmri_session_quest_arm_1,,,,,,
11317,subject_informatio_arm_1,,,27.26,,Female,Female
11317,mock_scan_question_arm_1,,,,27,,
11317,fmri_session_quest_arm_1,,,,,,
11318,subject_informatio_arm_1,,,21.19,,Female,Female
11318,mock_scan_question_arm_1,,,,21,,
11318,fmri_session_quest_arm_1,,,,,,
11321,subject_informatio_arm_1,,,22.68,,Female,Female
11321,mock_scan_question_arm_1,,,,22,,
11321,fmri_session_quest_arm_1,,,,,,
11325,subject_informatio_arm_1,,,27.68,,Male,Male
11325,mock_scan_question_arm_1,,,,27,,
11325,fmri_session_quest_arm_1,,,,,,
11326,subject_informatio_arm_1,,,25.33,,Male,Male
11326,mock_scan_question_arm_1,,,,25,,
11326,fmri_session_quest_arm_1,,,,,,
11329,subject_informatio_arm_1,,,23.73,,Male,Male
11329,mock_scan_question_arm_1,,,,23,,
11329,fmri_session_quest_arm_1,,,,,,
11330,subject_informatio_arm_1,,,26.82,,Male,Male
11330,mock_scan_question_arm_1,,,,26,,
11330,fmri_session_quest_arm_1,,,,,,
11331,subject_informatio_arm_1,,,45.5,,Male,Female
11331,mock_scan_question_arm_1,,,,45,,
11331,fmri_session_quest_arm_1,,,,,,
11337,subject_informatio_arm_1,,,30.11,,Male,Male
11337,mock_scan_question_arm_1,,,,30,,
11337,fmri_session_quest_arm_1,,,,,,
11338,subject_informatio_arm_1,,,21.62,,Male,Male
11338,mock_scan_question_arm_1,,,,21,,
11338,fmri_session_quest_arm_1,,,,,,
11340,subject_informatio_arm_1,,,31.4,,Male,Female
11340,mock_scan_question_arm_1,,,,31,,
11340,fmri_session_quest_arm_1,,,,,,
11343,subject_informatio_arm_1,,,32.53,,Female,Female
11343,mock_scan_question_arm_1,,,,32,,
11343,fmri_session_quest_arm_1,,,,,,
11344,subject_informatio_arm_1,,,32.68,,Female,Female
11344,mock_scan_question_arm_1,,,,32,,
11345,subject_informatio_arm_1,,,33.31,,Female,Female
11345,mock_scan_question_arm_1,,,,33,,
11345,fmri_session_quest_arm_1,,,,,,
11348,subject_informatio_arm_1,,,35.46,,Male,Female
11348,mock_scan_question_arm_1,,,,35,,
11348,fmri_session_quest_arm_1,,,,,,
11350,subject_informatio_arm_1,,,39.28,,Female,Female
11350,mock_scan_question_arm_1,,,,39,,
11350,fmri_session_quest_arm_1,,,,,,
11358,subject_informatio_arm_1,,,48.27,,Female,Female
11358,mock_scan_question_arm_1,,,,48,,
11358,fmri_session_quest_arm_1,,,,,,
11364,subject_informatio_arm_1,,,54.66,,Female,Female
11364,mock_scan_question_arm_1,,,,,,
11364,fmri_session_quest_arm_1,,,,,,
11367,subject_informatio_arm_1,,,58.63,,Female,Female
11367,mock_scan_question_arm_1,,,,58,,
11367,fmri_session_quest_arm_1,,,,,,
11374,subject_informatio_arm_1,,,73.09,,Male,Male
11374,mock_scan_question_arm_1,,,,73,,
11374,fmri_session_quest_arm_1,,,,,,
11376,subject_informatio_arm_1,,,70.71,,Male,Male
11376,mock_scan_question_arm_1,,,,70,,
11376,fmri_session_quest_arm_1,,,,,,
11377,subject_informatio_arm_1,,,68.61,,Female,Female
11377,mock_scan_question_arm_1,,,,68,,
11377,fmri_session_quest_arm_1,,,,,,
"11377 prescan",subject_informatio_arm_1,,,,,Female,Female
"11377 prescan",fmri_session_quest_arm_1,,,,,,
11381,subject_informatio_arm_1,,,61.82,,Male,Male
11381,mock_scan_question_arm_1,,,,,,
11381,fmri_session_quest_arm_1,,,,,,
11385,subject_informatio_arm_1,,,54.52,,Female,Female
11385,mock_scan_question_arm_1,,,,54,,
11385,fmri_session_quest_arm_1,,,,,,
11387,subject_informatio_arm_1,,,53.72,,Female,Female
11387,mock_scan_question_arm_1,,,,53,,
11387,fmri_session_quest_arm_1,,,,,,
11396,subject_informatio_arm_1,,,56.23,,Male,Male
11396,mock_scan_question_arm_1,,,,56,,
11396,fmri_session_quest_arm_1,,,,,,
11407,subject_informatio_arm_1,,,47.69,,Male,Male
11407,mock_scan_question_arm_1,,,,47,,
11410,subject_informatio_arm_1,,,45.25,,Male,Male
11410,mock_scan_question_arm_1,,,,,,
11410,fmri_session_quest_arm_1,,,,,,
11416,subject_informatio_arm_1,,,42.36,,Female,Female
11416,mock_scan_question_arm_1,,,,42,,
11416,fmri_session_quest_arm_1,,,,,,
11424,subject_informatio_arm_1,,,37.64,,Male,Male
11426,subject_informatio_arm_1,,,37.16,,Female,Female
11426,mock_scan_question_arm_1,,,,37,,
11426,fmri_session_quest_arm_1,,,,,,
11427,subject_informatio_arm_1,,,35.89,,Female,Female
11429,subject_informatio_arm_1,,,,,,
11430,subject_informatio_arm_1,,,35.26,,Female,Female
11430,mock_scan_question_arm_1,,,,35,,
11430,fmri_session_quest_arm_1,,,,,,
11432,subject_informatio_arm_1,,,35.11,,Female,Female
11432,mock_scan_question_arm_1,,,,35,,
11432,fmri_session_quest_arm_1,,,,,,
11433,subject_informatio_arm_1,,,34.11,,Male,Male
11433,mock_scan_question_arm_1,,,,34,,
11433,fmri_session_quest_arm_1,,,,,,
11435,subject_informatio_arm_1,,,33.78,,Female,Female
11435,mock_scan_question_arm_1,,,,33,,
11435,fmri_session_quest_arm_1,,,,,,
11439,subject_informatio_arm_1,,,63.43,,Male,Male
11439,mock_scan_question_arm_1,,,,63,,
11439,fmri_session_quest_arm_1,,,,,,
11440,subject_informatio_arm_1,,,63.5,,Male,Male
11440,mock_scan_question_arm_1,,,,63,,
11440,fmri_session_quest_arm_1,,,,,,
11442,subject_informatio_arm_1,,,56.89,,Female,Female
11442,mock_scan_question_arm_1,,,,56,,
11443,subject_informatio_arm_1,,,57.09,,Female,Female
11443,mock_scan_question_arm_1,,,,56,,
11443,fmri_session_quest_arm_1,,,,,,
11445,subject_informatio_arm_1,,,,,,
11449,subject_informatio_arm_1,,,67.42,,Female,Female
11449,mock_scan_question_arm_1,,,,67,,
11450,subject_informatio_arm_1,,,45.82,,Male,Male
11450,mock_scan_question_arm_1,,,,45,,
11450,fmri_session_quest_arm_1,,,,,,
11451,subject_informatio_arm_1,,,48.94,,Male,Male
11451,mock_scan_question_arm_1,,,,48,,
11451,fmri_session_quest_arm_1,,,,,,
11461,subject_informatio_arm_1,,,74.81,,Male,Male
11461,mock_scan_question_arm_1,,,,74,,
11461,fmri_session_quest_arm_1,,,,,,
11462,subject_informatio_arm_1,,,69.49,,Male,Male
11462,mock_scan_question_arm_1,,,,69,,
11462,fmri_session_quest_arm_1,,,,,,
11462_presq,fmri_session_quest_arm_1,,,,,,
11472,subject_informatio_arm_1,,,57.72,,Male,Male
11472,mock_scan_question_arm_1,,,,,,
11472,fmri_session_quest_arm_1,,,,,,
11475,subject_informatio_arm_1,,,55.88,,Female,Female
11475,mock_scan_question_arm_1,,,,55,,
11492,subject_informatio_arm_1,,,48.71,,Male,Male
11492,mock_scan_question_arm_1,,,,48,,
11492,fmri_session_quest_arm_1,,,,,,
11492_2,mock_scan_question_arm_1,,,,,,
11493,subject_informatio_arm_1,,,48.3,,Female,Female
11493,mock_scan_question_arm_1,,,,48,,
11493,fmri_session_quest_arm_1,,,,,,
11494,subject_informatio_arm_1,,,47.46,,Female,Female
11498,subject_informatio_arm_1,,,46.46,,Female,Female
11498,mock_scan_question_arm_1,,,,46,,
11498,fmri_session_quest_arm_1,,,,,,
11508,subject_informatio_arm_1,,,41.91,,Male,Male
11508,mock_scan_question_arm_1,,,,41,,
11509,subject_informatio_arm_1,,,41.28,,Male,Male
11516,subject_informatio_arm_1,,,36.89,,Female,Female
11516,mock_scan_question_arm_1,,,,36,,
11517,subject_informatio_arm_1,,,23.38,,Female,Female
11517,mock_scan_question_arm_1,,,,23,,
11517,fmri_session_quest_arm_1,,,,,,
11518,subject_informatio_arm_1,,,21.62,,Female,Female
11518,mock_scan_question_arm_1,,,,21,,
11518,fmri_session_quest_arm_1,,,,,,
"11518 pre",fmri_session_quest_arm_1,,,,,,
11521,subject_informatio_arm_1,,,22.2,,Female,Female
11521,mock_scan_question_arm_1,,,,22,,
11523,subject_informatio_arm_1,,,36.93,,Female,Female
11523,mock_scan_question_arm_1,,,,37,,
11523,fmri_session_quest_arm_1,,,,,,
11525,subject_informatio_arm_1,,,22.83,,Male,Male
11526,subject_informatio_arm_1,,,24.63,,Female,Female
11526,mock_scan_question_arm_1,,,,24,,
11526,fmri_session_quest_arm_1,,,,,,
11526s_duplicate_prescan,subject_informatio_arm_1,,,24.77,,Female,
11526s_duplicate_prescan,mock_scan_question_arm_1,,,,,,
11526s_duplicate_prescan,fmri_session_quest_arm_1,,,,,,
11527,subject_informatio_arm_1,,,22.41,,Male,Male
11527,mock_scan_question_arm_1,,,,22,,
11527,fmri_session_quest_arm_1,,,,,,
11529,subject_informatio_arm_1,,,22.65,,Female,Female
11529,mock_scan_question_arm_1,,,,22,,
11529,fmri_session_quest_arm_1,,,,,,
11530,subject_informatio_arm_1,,,25.05,,Non-Binary,Female
11530,mock_scan_question_arm_1,,,,25,,
11530,fmri_session_quest_arm_1,,,,,,
11532,subject_informatio_arm_1,,,37,,Female,Female
11532,mock_scan_question_arm_1,,,,36,,
11532,fmri_session_quest_arm_1,,,,,,
11533,subject_informatio_arm_1,,,33.72,,Female,Female
11533,mock_scan_question_arm_1,,,,33,,
11533,fmri_session_quest_arm_1,,,,,,
11534,subject_informatio_arm_1,,,22.81,,Male,Male
11534,mock_scan_question_arm_1,,,,22,,
11534,fmri_session_quest_arm_1,,,,,,
11535,subject_informatio_arm_1,,,34.8,,Female,Female
11535,mock_scan_question_arm_1,,,,34,,
11535,fmri_session_quest_arm_1,,,,,,
11536,subject_informatio_arm_1,,,37.32,,Male,Male
11536,mock_scan_question_arm_1,,,,37,,
11536,fmri_session_quest_arm_1,,,,,,
11539,subject_informatio_arm_1,,,27.85,,Male,Male
11539,mock_scan_question_arm_1,,,,27,,
11539,fmri_session_quest_arm_1,,,,,,
11540,subject_informatio_arm_1,,,34.66,,Female,Female
11540,mock_scan_question_arm_1,,,,34,,
11540,fmri_session_quest_arm_1,,,,,,
11541,mock_scan_question_arm_1,,,,,,
11542,subject_informatio_arm_1,,,61.55,,Male,Male
11542,mock_scan_question_arm_1,,,,61,,
11542,fmri_session_quest_arm_1,,,,,,
11545,subject_informatio_arm_1,,,73.82,,Female,Female
11545,mock_scan_question_arm_1,,,,73,,
11545,fmri_session_quest_arm_1,,,,,,
11551,subject_informatio_arm_1,,,65.74,,Female,Female
11551,mock_scan_question_arm_1,,,,65,,
11551,fmri_session_quest_arm_1,,,,,,
11552,subject_informatio_arm_1,,,61.17,,Female,Female
11559,subject_informatio_arm_1,,,67.72,,Female,Female
11559,mock_scan_question_arm_1,,,,67,,
11559,fmri_session_quest_arm_1,,,,,,
11560,subject_informatio_arm_1,,,59.59,,Male,Male
11560,mock_scan_question_arm_1,,,,59,,
11560,fmri_session_quest_arm_1,,,,,,
11562,subject_informatio_arm_1,,,60.27,,Male,Male
11563,subject_informatio_arm_1,,,55.31,,Male,Male
11563,mock_scan_question_arm_1,,,,55,,
11563,fmri_session_quest_arm_1,,,,,,
11565,subject_informatio_arm_1,,,61.14,,Female,Female
11565,mock_scan_question_arm_1,,,,61,,
11565,fmri_session_quest_arm_1,,,,,,
11570,subject_informatio_arm_1,,,41.57,,Male,Male
11570,mock_scan_question_arm_1,,,,41,,
11570,fmri_session_quest_arm_1,,,,,,
11572,subject_informatio_arm_1,,,42.3,,Male,Male
11572,mock_scan_question_arm_1,,,,42,,
11572,fmri_session_quest_arm_1,,,,,,
11579,subject_informatio_arm_1,,,47.1,,Male,Male
11579,mock_scan_question_arm_1,,,,47,,
11579,fmri_session_quest_arm_1,,,,,,
11583,subject_informatio_arm_1,,,50.92,,Male,Male
11583,mock_scan_question_arm_1,,,,50,,
11586,subject_informatio_arm_1,,,53.15,,Male,Male
11586,mock_scan_question_arm_1,,,,53,,
11586,fmri_session_quest_arm_1,,,,,,
11587,subject_informatio_arm_1,,,54.3,,Male,Male
11587,mock_scan_question_arm_1,,,,54,,
11587,fmri_session_quest_arm_1,,,,,,
11588,subject_informatio_arm_1,,,54.28,,Male,Male
11588,mock_scan_question_arm_1,,,,54,,
11588,fmri_session_quest_arm_1,,,,,,
11591,subject_informatio_arm_1,,,59.64,,Male,Male
11591,mock_scan_question_arm_1,,,,59,,
11591,fmri_session_quest_arm_1,,,,,,
11593,subject_informatio_arm_1,,,,,Male,Male
11593,mock_scan_question_arm_1,,,,,,
11597,subject_informatio_arm_1,,,52.18,,Female,Female
11597,mock_scan_question_arm_1,,,,52,,
11597,fmri_session_quest_arm_1,,,,,,
11598,subject_informatio_arm_1,,,52.7,,Female,Female
11598,mock_scan_question_arm_1,,,,52,,
11598,fmri_session_quest_arm_1,,,,,,
11598_partner,mock_scan_question_arm_1,,,,,,
11599,subject_informatio_arm_1,,,52.3,,Female,Female
11599,mock_scan_question_arm_1,,,,52,,
11599,fmri_session_quest_arm_1,,,,,,
11600,subject_informatio_arm_1,,,53.3,,Female,Female
11600,mock_scan_question_arm_1,,,,53,,
11600,fmri_session_quest_arm_1,,,,,,
11603,subject_informatio_arm_1,,,56.64,,Female,Female
11603,mock_scan_question_arm_1,,,,56,,
11603,fmri_session_quest_arm_1,,,,,,
11606,subject_informatio_arm_1,,,59.08,,Female,Female
11606,mock_scan_question_arm_1,,,,59,,
11606,fmri_session_quest_arm_1,,,,,,
11614,subject_informatio_arm_1,,,61.85,,Female,Female
11614,mock_scan_question_arm_1,,,,61,,
11614,fmri_session_quest_arm_1,,,,,,
11622,subject_informatio_arm_1,,,68.54,,Female,Female
11622,mock_scan_question_arm_1,,,,68,,
11622,fmri_session_quest_arm_1,,,,,,
11623,subject_informatio_arm_1,,,79.95,,Female,Female
11623,mock_scan_question_arm_1,,,,79,,
11623,fmri_session_quest_arm_1,,,,,,
11625,subject_informatio_arm_1,,,72.33,,Male,Male
11625,mock_scan_question_arm_1,,,,72,,
11625,fmri_session_quest_arm_1,,,,,,
11626,subject_informatio_arm_1,,,71.28,,Male,Male
11626,mock_scan_question_arm_1,,,,71,,
11626,fmri_session_quest_arm_1,,,,,,
11628,subject_informatio_arm_1,,,55.44,,Female,Female
11628,mock_scan_question_arm_1,,,,55,,
11628,fmri_session_quest_arm_1,,,,,,
11631,subject_informatio_arm_1,,,56.38,,Female,Female
11631,mock_scan_question_arm_1,,,,56,,
11631,fmri_session_quest_arm_1,,,,,,
11651,subject_informatio_arm_1,,,62.93,,Male,Male
11651,mock_scan_question_arm_1,,,,62,,
11651,fmri_session_quest_arm_1,,,,,,
11660,subject_informatio_arm_1,,,41.58,,Female,Female
11660,mock_scan_question_arm_1,,,,41,,
11660,fmri_session_quest_arm_1,,,,,,
11669,subject_informatio_arm_1,,,47.3,,Female,Female
11669,mock_scan_question_arm_1,,,,47,,
11670,subject_informatio_arm_1,,,45.14,,Female,Female
11670,mock_scan_question_arm_1,,,,45,,
11670,fmri_session_quest_arm_1,,,,,,
11674,subject_informatio_arm_1,,,56.66,,Male,Male
11674,mock_scan_question_arm_1,,,,56,,
11674,fmri_session_quest_arm_1,,,,,,
11679,subject_informatio_arm_1,,,57.19,,Female,Female
11679,mock_scan_question_arm_1,,,,57,,
11679,fmri_session_quest_arm_1,,,,,,
11681,subject_informatio_arm_1,,,60.54,,Male,Male
11681,mock_scan_question_arm_1,,,,60,,
11681,fmri_session_quest_arm_1,,,,,,
11692,subject_informatio_arm_1,,,63.04,,Female,Female
11692,mock_scan_question_arm_1,,,,63,,
11692,fmri_session_quest_arm_1,,,,,,
11694,subject_informatio_arm_1,,,52.36,,Female,Female
11694,mock_scan_question_arm_1,,,,52,,
11694,fmri_session_quest_arm_1,,,,,,
11701,subject_informatio_arm_1,,,66.23,,Female,Female
11701,mock_scan_question_arm_1,,,,66,,
11701,fmri_session_quest_arm_1,,,,,,
11703,subject_informatio_arm_1,,,54.04,,Female,Female
11703,mock_scan_question_arm_1,,,,54,,
11703,fmri_session_quest_arm_1,,,,,,
11705,subject_informatio_arm_1,,,54.1,,Male,Male
11705,mock_scan_question_arm_1,,,,54,,
11705,fmri_session_quest_arm_1,,,,,,
11709,subject_informatio_arm_1,,,53.84,,Female,Female
11709,mock_scan_question_arm_1,,,,53,,
11709,fmri_session_quest_arm_1,,,,,,
11710,subject_informatio_arm_1,,,71.76,,Male,Male
11710,mock_scan_question_arm_1,,,,71,,
11710,fmri_session_quest_arm_1,,,,,,
11714,subject_informatio_arm_1,,,71.52,,Male,Male
11714,mock_scan_question_arm_1,,,,71,,
11714,fmri_session_quest_arm_1,,,,,,
11719,subject_informatio_arm_1,,,53.61,,Female,Female
11719,mock_scan_question_arm_1,,,,53,,
11719,fmri_session_quest_arm_1,,,,,,
11720,subject_informatio_arm_1,,,54.31,,Female,Female
11720,mock_scan_question_arm_1,,,,54,,
11720,fmri_session_quest_arm_1,,,,,,
11721,subject_informatio_arm_1,,,,,,
11721,mock_scan_question_arm_1,,,,54,,
11722,subject_informatio_arm_1,,,55.79,,Female,Female
11722,mock_scan_question_arm_1,,,,55,,
11722,fmri_session_quest_arm_1,,,,,,
11723,subject_informatio_arm_1,,,56.47,,Male,Male
11723,mock_scan_question_arm_1,,,,56,,
11723,fmri_session_quest_arm_1,,,,,,
11736,subject_informatio_arm_1,,,70.79,,Male,Male
11736,mock_scan_question_arm_1,,,,70,,
11736,fmri_session_quest_arm_1,,,,,,
11744,subject_informatio_arm_1,,,89.32,,Male,Male
11744,mock_scan_question_arm_1,,,,89,,
11744,fmri_session_quest_arm_1,,,,,,
11746,subject_informatio_arm_1,,,68.27,,Male,Male
11746,mock_scan_question_arm_1,,,,68,,
11746,fmri_session_quest_arm_1,,,,,,
11748,subject_informatio_arm_1,,,53.4,,Female,Female
11748,mock_scan_question_arm_1,,,,53,,
11748,fmri_session_quest_arm_1,,,,,,
11753,subject_informatio_arm_1,,,61.71,,Male,Male
11753,mock_scan_question_arm_1,,,,61,,
11753,fmri_session_quest_arm_1,,,,,,
11756,subject_informatio_arm_1,,,51.86,,Female,Female
11756,mock_scan_question_arm_1,,,,51,,
11756,fmri_session_quest_arm_1,,,,,,
11764,subject_informatio_arm_1,,,68.03,,Female,Female
11764,mock_scan_question_arm_1,,,,68,,
11764,fmri_session_quest_arm_1,,,,,,
11767,subject_informatio_arm_1,,,38.81,,Female,Female
11767,mock_scan_question_arm_1,,,,38,,
11767,fmri_session_quest_arm_1,,,,,,
11772,subject_informatio_arm_1,,,49.48,,Female,Female
11772,mock_scan_question_arm_1,,,,49,,
11772,fmri_session_quest_arm_1,,,,,,
11773,subject_informatio_arm_1,,,56.08,,Female,Female
11773,mock_scan_question_arm_1,,,,56,,
11773,fmri_session_quest_arm_1,,,,,,
11774,subject_informatio_arm_1,,,44.86,,Female,Female
11774,mock_scan_question_arm_1,,,,44,,
11774,fmri_session_quest_arm_1,,,,,,
11776,subject_informatio_arm_1,,,42.68,,Female,Female
11776,mock_scan_question_arm_1,,,,42,,
11776,fmri_session_quest_arm_1,,,,,,
11780,subject_informatio_arm_1,,,37.01,,Female,Female
11784,subject_informatio_arm_1,,,42.7,,Male,Male
11784,mock_scan_question_arm_1,,,,42,,
11784,fmri_session_quest_arm_1,,,,,,
11787,subject_informatio_arm_1,,,40.12,,Female,Female
11787,mock_scan_question_arm_1,,,,40,,
11787,fmri_session_quest_arm_1,,,,,,
11788,subject_informatio_arm_1,,,35.95,,Male,Male
11788,mock_scan_question_arm_1,,,,35,,
11788,fmri_session_quest_arm_1,,,,,,
11789,subject_informatio_arm_1,,,43.44,,Female,Female
11789,mock_scan_question_arm_1,,,,43,,
11789,fmri_session_quest_arm_1,,,,,,
11790,subject_informatio_arm_1,,,37.91,,Female,Female
11790,mock_scan_question_arm_1,,,,37,,
11790,fmri_session_quest_arm_1,,,,,,
11793,subject_informatio_arm_1,,,38.19,,Female,Female
11793,mock_scan_question_arm_1,,,,38,,
11793,fmri_session_quest_arm_1,,,,,,
11795,subject_informatio_arm_1,,,35.66,,Male,Male
11795,mock_scan_question_arm_1,,,,35,,
11795,fmri_session_quest_arm_1,,,,,,
11815,subject_informatio_arm_1,,,64.1,,Male,Male
11815,mock_scan_question_arm_1,,,,64,,
11822,subject_informatio_arm_1,,,,,Female,Female
11822,mock_scan_question_arm_1,,,,56,,
11822,fmri_session_quest_arm_1,,,,,,
11823,subject_informatio_arm_1,,,56.43,,Female,Female
11823,mock_scan_question_arm_1,,,,56,,
11823,fmri_session_quest_arm_1,,,,,,
11824,subject_informatio_arm_1,,,62.26,,Female,Female
11824,mock_scan_question_arm_1,,,,62,,
11828,subject_informatio_arm_1,,,78.17,,Male,Male
11828,mock_scan_question_arm_1,,,,,,
11828,fmri_session_quest_arm_1,,,,,,
11829,subject_informatio_arm_1,,,56.76,,Female,Female
11829,mock_scan_question_arm_1,,,,56,,
11829,fmri_session_quest_arm_1,,,,,,
11836,subject_informatio_arm_1,,,57.18,,Female,Female
11836,mock_scan_question_arm_1,,,,57,,
11836,fmri_session_quest_arm_1,,,,,,
11840,subject_informatio_arm_1,,,72.12,,Male,Male
11840,mock_scan_question_arm_1,,,,72,,
11840,fmri_session_quest_arm_1,,,,,,
11847,subject_informatio_arm_1,,,57.44,,Female,Female
11847,mock_scan_question_arm_1,,,,57,,
11847,fmri_session_quest_arm_1,,,,,,
11852,subject_informatio_arm_1,,,,,,
11853,subject_informatio_arm_1,,,64.65,,Female,Female
11853,mock_scan_question_arm_1,,,,64,,
11856,subject_informatio_arm_1,,,,,Male,Male
11856,mock_scan_question_arm_1,,,,,,
11861,subject_informatio_arm_1,,,26.05,,Male,Male
11861,mock_scan_question_arm_1,,,,25,,
11861,fmri_session_quest_arm_1,,,,,,
11866,subject_informatio_arm_1,,,28.74,,Male,Male
11866,mock_scan_question_arm_1,,,,28,,
11866,fmri_session_quest_arm_1,,,,,,
11867,subject_informatio_arm_1,,,25.72,,Male,Male
11867,mock_scan_question_arm_1,,,,25,,
11867,fmri_session_quest_arm_1,,,,,,
11870,subject_informatio_arm_1,,,28.36,,Male,Male
11870,mock_scan_question_arm_1,,,,28,,
11870,fmri_session_quest_arm_1,,,,,,
11872,subject_informatio_arm_1,,,27.98,,Male,Male
11872,mock_scan_question_arm_1,,,,27,,
11872,fmri_session_quest_arm_1,,,,,,
11873,subject_informatio_arm_1,,,34.07,,Male,Male
11876,subject_informatio_arm_1,,,,,Male,Female
11876,mock_scan_question_arm_1,,,,31,,
11877,subject_informatio_arm_1,,,26.77,,Male,Male
11877,mock_scan_question_arm_1,,,,26,,
11877,fmri_session_quest_arm_1,,,,,,
11881,subject_informatio_arm_1,,,,,Female,Female
11881,mock_scan_question_arm_1,,,,63,,
11885,subject_informatio_arm_1,,,57.38,,Female,Female
11891,subject_informatio_arm_1,,,72.88,,Female,Female
11891,mock_scan_question_arm_1,,,,72,,
11891,fmri_session_quest_arm_1,,,,,,
12182024kbit,mock_scan_question_arm_1,,,,,,
cogneuro,mock_scan_question_arm_1,,,,,,
Ishika_test,subject_informatio_arm_1,,,,,,
Ishika_test,mock_scan_question_arm_1,,,,19,,
izzy_kbit,subject_informatio_arm_1,,,19.47,,,
izzy_kbit,mock_scan_question_arm_1,,,,,,
Test,mock_scan_question_arm_1,,,,23,,
